iter	MultiClass
0	1.603422511
1	2.011391451
2	1.274143143
3	1.951486326
4	1.438892502
5	1.381481477
6	1.330569751
7	1.276883346
8	1.239409532
9	1.214459924
10	1.17915428
